id,name,model_id:id,group_id:id,perm_read,perm_write,perm_create,perm_unlink
access_dot_matrix_template_user,dot.matrix.template.user,model_dot_matrix_template,,1,1,1,1
access_dot_matrix_template_manager,dot.matrix.template.manager,model_dot_matrix_template,,1,1,1,1
access_dot_matrix_printer_user,dot.matrix.printer.user,model_dot_matrix_printer,,1,0,0,0
access_dot_matrix_printer_manager,dot.matrix.printer.manager,model_dot_matrix_printer,,1,1,1,1
access_dot_matrix_variable_user,dot.matrix.variable.user,model_dot_matrix_variable,,1,1,1,1
access_dot_matrix_variable_manager,dot.matrix.variable.manager,model_dot_matrix_variable,,1,1,1,1
access_dot_matrix_report_wizard_user,dot.matrix.report.wizard.user,model_dot_matrix_report_wizard,,1,1,1,0
access_dot_matrix_preview_wizard_user,dot.matrix.preview.wizard.user,model_dot_matrix_preview_wizard,,1,1,1,0