<?xml version="1.0" encoding="utf-8"?>
<odoo>
    <data>
        <!-- Custom Invoice Template: Dot Matrix -->
        <record id="custom_invoice_dot_matrix_template" model="dot.matrix.template">
            <field name="name">Invoice Dot Matrix</field>
            <field name="document_type">account.move</field>
            <field name="printer_id" ref="default_dot_matrix_printer"/>
            <field name="paper_width">80</field>
            <field name="paper_height">66</field>
            <field name="font_family">courier</field>
            <field name="font_size">medium</field>
            <field name="header_template"><![CDATA[
{{ '%-30s' % company.name }}                 PROFORMA INVOICE
{{ company.street }}, {{company.street2 }}  
{{ company.city }} {{ company.country }} {{company.zip }}
----------------------------------------------------------------------------
Customer : {{ partner.name }}               Invoice No : {{invoice.name}}
Alamat   : {{ partner.street }}               Tanggal    : {{invoice.invoice_date}}
{{ partner.street2 }} {{ partner.city }} {{ partner.country }} {{partner.zip }}     Jatuh Tempo: {{invoice.invoice_date_due}}
----------------------------------------------------------------------------
Description                            Qty   Harga     Total
----------------------------------------------------------------------------
]]></field>
            <field name="body_template"><![CDATA[
{%- for line in items %}
{{ '%-36s' % line.name[:36] }}{{ '%4s' % ('%.0f' % line.quantity) }}{{ '%10s' % ('%.2f' % line.price_unit) }}{{ '%11s' % ('%.2f' % line.price_subtotal) }}
{%- if line.description %}
{{ line.description }}
{%- endif %}
{%- endfor %}
]]></field>
            <field name="footer_template"><![CDATA[
----------------------------------------------------------------------------
                                            Subtotal : {{ invoice.amount_untaxed }}
                                                Tax  : {{ invoice.amount_tax }}
                                               TOTAL : {{ invoice.amount_total }}
----------------------------------------------------------------------------
Ref Pembayaran: {{ invoice.name }}
]]></field>

            <field name="sample_data">{
My Company (San Francisco)              PROFORMA INVOICE
250 Executive Park Blvd, Suite 3400
San Francisco CA 94134

Customer : Deco Addict                  Invoice No : INV/2025/00002
Alamat   : 77 Santa Barbara Rd          Tanggal    : 07/08/2025
           Pleasant Hill, CA 94523      Jatuh Tempo: 07/10/2025

-------------------------------------------------------------------
Description                            Qty   Harga     Total
-------------------------------------------------------------------
[FURN_8220] Four Person Desk           5  2,350.00  11,750.00
Four person modern office workstation

[FURN_8999] Three-Seat Sofa           20  1,500.00  30,000.00
Three Seater Sofa with Lounger in Steel Grey Colour

-------------------------------------------------------------------
                                       Subtotal :   41,750.00
                                           Tax  :    6,262.50
                                          TOTAL :   48,012.50
-------------------------------------------------------------------
            }</field>
        </record>
    </data>
</odoo>