<?xml version="1.0" encoding="utf-8"?>
<odoo>
    <data noupdate="1">
        
        <!-- Default Dot Matrix Printer -->
        <record id="default_dot_matrix_printer" model="dot.matrix.printer">
            <field name="name">Default Dot Matrix Printer</field>
            <field name="connection_type">file</field>
            <field name="device_path">/tmp/odoo_dot_matrix</field>
            <field name="paper_width">80</field>
            <field name="paper_height">66</field>
            <field name="default_font_family">courier</field>
            <field name="default_font_size">medium</field>
            <field name="auto_cut">True</field>
            <field name="auto_feed">True</field>
            <field name="print_density">normal</field>
            <field name="is_default">True</field>
            <field name="notes">Default printer for testing and development</field>
        </record>

        <!-- Sale Order Template -->
        <record id="default_sale_order_template" model="dot.matrix.template">
            <field name="name">Default Sale Order Template</field>
            <field name="document_type">sale.order</field>
            <field name="printer_id" ref="default_dot_matrix_printer"/>
            <field name="paper_width">80</field>
            <field name="paper_height">66</field>
            <field name="font_family">courier</field>
            <field name="font_size">medium</field>
            <field name="header_template">SALE ORDER
==========================================
Order: {{order.name}}          Date: {{order.date_order}}
Customer: {{customer.name}}
Address: {{customer.address}}
Phone: {{customer.phone}}

</field>
            <field name="body_template">ITEMS:
----------------------------------------
{% for item in items %}
{{item.name}}
  Qty: {{item.qty}} x {{item.price}} = {{item.subtotal}}
  {{item.description}}
{% endfor %}

</field>
            <field name="footer_template">----------------------------------------
Subtotal: {{untaxed_amount}}
Tax: {{tax_amount}}
TOTAL: {{total_amount}} {{currency_symbol}}
==========================================
Thank you for your business!</field>
            <field name="sample_data">{
  "order": {
    "name": "SO001",
    "date_order": "2024-01-15",
    "partner_ref": "REF001"
  },
  "customer": {
    "name": "Sample Customer",
    "address": "123 Main St, City",
    "phone": "+1234567890"
  },
  "items": [
    {
      "name": "Product A",
      "qty": 2,
      "price": 100.00,
      "subtotal": 200.00,
      "description": "Sample product description"
    }
  ],
  "total_amount": 200.00,
  "tax_amount": 20.00,
  "untaxed_amount": 180.00,
  "currency_symbol": "$"
}</field>
        </record>

        <!-- Purchase Order Template -->
        <record id="default_purchase_order_template" model="dot.matrix.template">
            <field name="name">Default Purchase Order Template</field>
            <field name="document_type">purchase.order</field>
            <field name="printer_id" ref="default_dot_matrix_printer"/>
            <field name="paper_width">80</field>
            <field name="paper_height">66</field>
            <field name="font_family">courier</field>
            <field name="font_size">medium</field>
            <field name="header_template">PURCHASE ORDER
==========================================
Order: {{order.name}}          Date: {{order.date_order}}
Supplier: {{supplier.name}}
Address: {{supplier.address}}
Phone: {{supplier.phone}}

</field>
            <field name="body_template">ITEMS:
----------------------------------------
{% for item in items %}
{{item.name}}
  Qty: {{item.qty}} x {{item.price}} = {{item.subtotal}}
  {{item.description}}
{% endfor %}

</field>
            <field name="footer_template">----------------------------------------
Subtotal: {{untaxed_amount}}
Tax: {{tax_amount}}
TOTAL: {{total_amount}} {{currency_symbol}}
==========================================
Please deliver to our warehouse</field>
            <field name="sample_data">{
  "order": {
    "name": "PO001",
    "date_order": "2024-01-15",
    "partner_ref": "REF001"
  },
  "supplier": {
    "name": "Sample Supplier",
    "address": "456 Supplier St, City",
    "phone": "+1234567890"
  },
  "items": [
    {
      "name": "Raw Material A",
      "qty": 10,
      "price": 50.00,
      "subtotal": 500.00,
      "description": "Sample raw material"
    }
  ],
  "total_amount": 500.00,
  "tax_amount": 50.00,
  "untaxed_amount": 450.00,
  "currency_symbol": "$"
}</field>
        </record>

        <!-- Invoice Template -->
        <record id="default_invoice_template" model="dot.matrix.template">
            <field name="name">Default Invoice Template</field>
            <field name="document_type">account.move</field>
            <field name="printer_id" ref="default_dot_matrix_printer"/>
            <field name="paper_width">80</field>
            <field name="paper_height">66</field>
            <field name="font_family">courier</field>
            <field name="font_size">medium</field>
            <field name="header_template">INVOICE
==========================================
Invoice: {{invoice.name}}      Date: {{invoice.date}}
Due Date: {{invoice.due_date}}
Partner: {{partner.name}}
Address: {{partner.address}}
Phone: {{partner.phone}}

</field>
            <field name="body_template">ITEMS:
----------------------------------------
{% for item in items %}
{{item.name}}
  Qty: {{item.qty}} x {{item.price}} = {{item.subtotal}}
  {{item.description}}
{% endfor %}

</field>
            <field name="footer_template">----------------------------------------
Subtotal: {{untaxed_amount}}
Tax: {{tax_amount}}
TOTAL: {{total_amount}} {{currency_symbol}}
==========================================
Please pay within 30 days</field>
            <field name="sample_data">{
  "invoice": {
    "name": "INV001",
    "date": "2024-01-15",
    "due_date": "2024-02-14",
    "type": "out_invoice"
  },
  "partner": {
    "name": "Sample Customer",
    "address": "123 Main St, City",
    "phone": "+1234567890"
  },
  "items": [
    {
      "name": "Service A",
      "qty": 1,
      "price": 150.00,
      "subtotal": 150.00,
      "description": "Sample service"
    }
  ],
  "total_amount": 150.00,
  "tax_amount": 15.00,
  "untaxed_amount": 135.00,
  "currency_symbol": "$"
}</field>
        </record>

        <!-- Stock Picking Template -->
        <record id="default_stock_picking_template" model="dot.matrix.template">
            <field name="name">Default Stock Picking Template</field>
            <field name="document_type">stock.picking</field>
            <field name="printer_id" ref="default_dot_matrix_printer"/>
            <field name="paper_width">80</field>
            <field name="paper_height">66</field>
            <field name="font_family">courier</field>
            <field name="font_size">medium</field>
            <field name="header_template">STOCK PICKING
==========================================
Picking: {{picking.name}}      Date: {{picking.date}}
Type: {{picking.picking_type}}
Origin: {{picking.origin}}
Partner: {{partner.name}}
Address: {{partner.address}}

</field>
            <field name="body_template">ITEMS:
----------------------------------------
{% for item in items %}
{{item.name}}
  Qty: {{item.qty}} {{item.uom}} (Done: {{item.qty_done}})
  {{item.description}}
{% endfor %}

</field>
            <field name="footer_template">----------------------------------------
Total Items: {{total_items}}
==========================================
Please check all items before signing</field>
            <field name="sample_data">{
  "picking": {
    "name": "PICK001",
    "date": "2024-01-15",
    "picking_type": "Delivery Orders",
    "origin": "SO001"
  },
  "partner": {
    "name": "Sample Customer",
    "address": "123 Main St, City"
  },
  "items": [
    {
      "name": "Product A",
      "qty": 5,
      "qty_done": 5,
      "uom": "Units",
      "description": "Sample product"
    }
  ],
  "total_items": 1
}</field>
        </record>

    </data>
</odoo> 