<?xml version="1.0" encoding="utf-8"?>
<odoo>
    <data>
        <!-- Custom Stock Picking Template: Tabel Rapi -->
        <record id="custom_stock_picking_table_template" model="dot.matrix.template">
            <field name="name">Stock Picking Tabel Rapi</field>
            <field name="document_type">stock.picking</field>
            <field name="printer_id" ref="default_dot_matrix_printer"/>
            <field name="paper_width">80</field>
            <field name="paper_height">66</field>
            <field name="font_family">courier</field>
            <field name="font_size">medium</field>
            <field name="header_template"><![CDATA[
                       DELIVERY ORDER (SURAT JALAN)
                        My Company (San Francisco)
        250 Executive Park Blvd, Suite 3400, San Francisco CA 94134
----------------------------------------------------------------------------
DO No        : {{picking.name}}           Order Type: Outgoing Shipment
Shipping Date: {{picking.display_date}}
----------------------------------------------------------------------------
Partner      : {{partner.name}}       Phone: {{partner.phone}}
Delivery Address:                       
{{partner.address_line_1}}
{{partner.address_line_2}}
----------------------------------------------------------------------------
| No | Product                       | Ordered   | Delivered |
|----|-------------------------------|-----------|-----------|
]]></field>
<field name="body_template"><![CDATA[ 
{%- for item in items %}
| {{ '%-2s' % loop.index }} | {{ '%-29s' % item.name[:29] }} | {{ '%9s' % ('%.2f' % item.qty_demand) }} | {{ '%9s' % ('%.2f' % item.qty_done) }} |
{%- endfor %}
]]></field>
<field name="footer_template"><![CDATA[
----------------------------------------------------------------------------
Notes:
- Mohon diperiksa jumlah barang yang diterima.
- Barang yang sudah diterima tidak dapat dikembalikan.
----------------------------------------------------------------------------
            ]]></field>
            <field name="sample_data">{
             		     DELIVERY ORDER (SURAT JALAN)
                      My Company (San Francisco)
        250 Executive Park Blvd, Suite 3400, San Francisco CA 94134
----------------------------------------------------------------------------
DO No         : WH/OUT/00006                 Order Type : Outgoing Shipment
Shipping Date : 06/22/2025 05:22:30
----------------------------------------------------------------------------
Delivery Address:				  Phone : (623)-853-7197
Wood Corner, 1839 Arbor Way, Turlock CA 95380
United States
----------------------------------------------------------------------------
Product                        Ordered       Delivered
----------------------------------------------------------------------------
[FURN_7800] Desk Combination     40.00          32.00

[FURN_8999] Three-Seat Sofa      30.00		15.00
----------------------------------------------------------------------------
Notes:
- Mohon diperiksa jumlah barang yang diterima.
- Barang yang sudah diterima tidak dapat dikembalikan.
----------------------------------------------------------------------------
            }</field>
        </record>
    </data>
</odoo>
