<?xml version="1.0" encoding="UTF-8"?>
<templates xml:space="preserve">
    <t t-name="abj_dot_matrix.DotMatrixPreview">
        <div class="dot-matrix-preview-container">
            <div class="dot-matrix-preview-header">
                <h4>Dot Matrix Preview</h4>
                <div class="dot-matrix-preview-controls">
                    <span class="badge badge-info">Width: <t t-esc="state.paperWidth"/> chars</span>
                    <span class="badge badge-info">Height: <t t-esc="state.paperHeight"/> lines</span>
                </div>
            </div>
            <div class="dot-matrix-preview-content">
                <div class="dot-matrix-preview" t-attf-style="max-width: #{state.paperWidth * 8}px;">
                    <pre t-esc="state.content" class="dot-matrix-text"/>
                </div>
            </div>
            <div class="dot-matrix-preview-footer">
                <small class="text-muted">Preview shows how the document will appear on dot matrix printer</small>
            </div>
        </div>
    </t>
</templates> 